W[GeV],Theta[deg],dsigma[nb]
4.036,0.047495,0.0036532
4.036,0.10875,0.0036532
4.036,0.16974,0.0036532
4.036,0.22981,0.0036532
4.036,0.28857,0.0036532
4.036,0.34565,0.0036532
4.036,0.40072,0.0036532
4.036,0.45343,0.0036532
4.036,0.50349,0.0036532
4.036,0.5506,0.0036532
4.036,0.59448,0.0036532
4.036,0.63487,0.0036532
4.036,0.67154,0.0036532
4.036,0.70427,0.0036532
4.036,0.73287,0.0036532
4.036,0.75716,0.0036532
4.036,0.77702,0.0036532
4.036,0.79231,0.0036532
4.036,0.80296,0.0036532
4.036,0.8089,0.0036532
4.036,0.82272,0.0036532
4.036,0.87351,0.0036532
4.036,0.95702,0.0036532
4.036,1.0639,0.0036532
4.036,1.1858,0.0036532
4.036,1.316,0.0036532
4.036,1.4498,0.0036532
4.036,1.5834,0.0036532
4.036,1.7141,0.0036532
4.036,1.8399,0.0036532
4.036,1.959,0.0036532
4.036,2.0699,0.0036531
4.036,2.1716,0.0036531
4.036,2.263,0.0036531
4.036,2.3433,0.0036531
4.036,2.4118,0.0036531
4.036,2.468,0.0036531
4.036,2.5114,0.0036531
4.036,2.5417,0.0036531
4.036,2.5586,0.0036531
4.036,2.6019,0.0036531
4.036,2.7625,0.0036531
4.036,3.0267,0.003653
4.036,3.3648,0.003653
4.036,3.7504,0.0036529
4.036,4.1625,0.0036529
4.036,4.5857,0.0036528
4.036,5.0085,0.0036527
4.036,5.4224,0.0036526
4.036,5.8206,0.0036525
4.036,6.1975,0.0036524
4.036,6.5489,0.0036523
4.036,6.8708,0.0036522
4.036,7.1604,0.0036521
4.036,7.4148,0.003652
4.036,7.632,0.0036519
4.036,7.8101,0.0036519
4.036,7.9476,0.0036518
4.036,8.0435,0.0036518
4.036,8.097,0.0036518
4.036,8.2342,0.0036517
4.036,8.7435,0.0036515
4.036,9.5812,0.0036512
4.036,10.654,0.0036507
4.036,11.879,0.0036501
4.036,13.189,0.0036494
4.036,14.536,0.0036486
4.036,15.884,0.0036476
4.036,17.205,0.0036467
4.036,18.478,0.0036457
4.036,19.685,0.0036447
4.036,20.812,0.0036437
4.036,21.847,0.0036427
4.036,22.778,0.0036418
4.036,23.598,0.003641
4.036,24.298,0.0036403
4.036,24.873,0.0036397
4.036,25.318,0.0036392
4.036,25.628,0.0036389
4.036,25.801,0.0036387
4.036,26.245,0.0036382
4.036,27.897,0.0036363
4.036,30.627,0.0036329
4.036,34.147,0.0036281
4.036,38.201,0.0036221
4.036,42.589,0.003615
4.036,47.165,0.0036069
4.036,51.817,0.0035981
4.036,56.461,0.0035888
4.036,61.024,0.0035793
4.036,65.445,0.0035696
4.036,69.666,0.0035602
4.036,73.63,0.0035511
4.036,77.284,0.0035426
4.036,80.574,0.0035349
4.036,83.445,0.0035281
4.036,85.848,0.0035224
4.036,87.736,0.003518
4.036,89.071,0.0035148
4.036,89.823,0.003513
4.036,90.098,0.0035124
4.036,90.516,0.0035114
4.036,91.257,0.0035097
4.036,92.305,0.0035072
4.036,93.636,0.0035041
4.036,95.22,0.0035004
4.036,97.024,0.0034962
4.036,99.008,0.0034916
4.036,101.13,0.0034868
4.036,103.35,0.0034818
4.036,105.61,0.0034767
4.036,107.88,0.0034717
4.036,110.09,0.0034669
4.036,112.19,0.0034624
4.036,114.14,0.0034583
4.036,115.89,0.0034547
4.036,117.37,0.0034517
4.036,118.56,0.0034493
4.036,119.41,0.0034476
4.036,119.89,0.0034467
4.036,120.11,0.0034462
4.036,120.6,0.0034453
4.036,121.46,0.0034436
4.036,122.7,0.0034413
4.036,124.29,0.0034383
4.036,126.23,0.0034347
4.036,128.48,0.0034307
4.036,131.04,0.0034263
4.036,133.87,0.0034216
4.036,136.96,0.0034168
4.036,140.28,0.0034119
4.036,143.8,0.0034071
4.036,147.5,0.0034025
4.036,151.37,0.0033981
4.036,155.37,0.0033942
4.036,159.49,0.0033907
4.036,163.69,0.0033878
4.036,167.98,0.0033855
4.036,172.3,0.0033839
4.036,176.64,0.003383
4.086,0.047495,0.042233
4.086,0.10875,0.042233
4.086,0.16974,0.042233
4.086,0.22981,0.042233
4.086,0.28857,0.042232
4.086,0.34565,0.042232
4.086,0.40072,0.042232
4.086,0.45343,0.042232
4.086,0.50349,0.042231
4.086,0.5506,0.042231
4.086,0.59448,0.042231
4.086,0.63487,0.042231
4.086,0.67154,0.04223
4.086,0.70427,0.04223
4.086,0.73287,0.04223
4.086,0.75716,0.04223
4.086,0.77702,0.042229
4.086,0.79231,0.042229
4.086,0.80296,0.042229
4.086,0.8089,0.042229
4.086,0.82272,0.042229
4.086,0.87351,0.042229
4.086,0.95702,0.042228
4.086,1.0639,0.042226
4.086,1.1858,0.042225
4.086,1.316,0.042223
4.086,1.4498,0.042221
4.086,1.5834,0.042219
4.086,1.7141,0.042216
4.086,1.8399,0.042214
4.086,1.959,0.042211
4.086,2.0699,0.042209
4.086,2.1716,0.042206
4.086,2.263,0.042204
4.086,2.3433,0.042202
4.086,2.4118,0.0422
4.086,2.468,0.042199
4.086,2.5114,0.042197
4.086,2.5417,0.042197
4.086,2.5586,0.042196
4.086,2.6019,0.042195
4.086,2.7625,0.04219
4.086,3.0267,0.042181
4.086,3.3648,0.042169
4.086,3.7504,0.042154
4.086,4.1625,0.042136
4.086,4.5857,0.042115
4.086,5.0085,0.042092
4.086,5.4224,0.042068
4.086,5.8206,0.042044
4.086,6.1975,0.042018
4.086,6.5489,0.041994
4.086,6.8708,0.04197
4.086,7.1604,0.041947
4.086,7.4148,0.041927
4.086,7.632,0.041909
4.086,7.8101,0.041894
4.086,7.9476,0.041882
4.086,8.0435,0.041873
4.086,8.097,0.041869
4.086,8.2342,0.041856
4.086,8.7435,0.041809
4.086,9.5812,0.041726
4.086,10.654,0.041608
4.086,11.879,0.04146
4.086,13.189,0.041287
4.086,14.536,0.041091
4.086,15.884,0.04088
4.086,17.205,0.040659
4.086,18.478,0.040432
4.086,19.685,0.040206
4.086,20.812,0.039986
4.086,21.847,0.039777
4.086,22.778,0.039582
4.086,23.598,0.039407
4.086,24.298,0.039255
4.086,24.873,0.039127
4.086,25.318,0.039028
4.086,25.628,0.038958
4.086,25.801,0.038918
4.086,26.245,0.038817
4.086,27.897,0.038431
4.086,30.627,0.037771
4.086,34.147,0.036887
4.086,38.201,0.035838
4.086,42.589,0.034686
4.086,47.165,0.033486
4.086,51.817,0.032284
4.086,56.461,0.031116
4.086,61.024,0.030006
4.086,65.445,0.028972
4.086,69.666,0.028026
4.086,73.63,0.027174
4.086,77.284,0.026421
4.086,80.574,0.025769
4.086,83.445,0.025221
4.086,85.848,0.024776
4.086,87.736,0.024436
4.086,89.071,0.0242
4.086,89.823,0.024069
4.086,90.098,0.024022
4.086,90.516,0.02395
4.086,91.257,0.023823
4.086,92.305,0.023646
4.086,93.636,0.023425
4.086,95.22,0.023166
4.086,97.024,0.022879
4.086,99.008,0.022571
4.086,101.13,0.022251
4.086,103.35,0.021927
4.086,105.61,0.021607
4.086,107.88,0.021298
4.086,110.09,0.021006
4.086,112.19,0.020738
4.086,114.14,0.020498
4.086,115.89,0.02029
4.086,117.37,0.020118
4.086,118.56,0.019983
4.086,119.41,0.019889
4.086,119.89,0.019836
4.086,120.11,0.019811
4.086,120.6,0.019759
4.086,121.46,0.019666
4.086,122.7,0.019536
4.086,124.29,0.019374
4.086,126.23,0.019183
4.086,128.48,0.018969
4.086,131.04,0.018739
4.086,133.87,0.018499
4.086,136.96,0.018255
4.086,140.28,0.018013
4.086,143.8,0.017778
4.086,147.5,0.017556
4.086,151.37,0.017351
4.086,155.37,0.017166
4.086,159.49,0.017006
4.086,163.69,0.016873
4.086,167.98,0.016769
4.086,172.3,0.016696
4.086,176.64,0.016655
4.136,0.047495,0.077942
4.136,0.10875,0.077942
4.136,0.16974,0.077942
4.136,0.22981,0.077941
4.136,0.28857,0.077941
4.136,0.34565,0.07794
4.136,0.40072,0.077939
4.136,0.45343,0.077938
4.136,0.50349,0.077937
4.136,0.5506,0.077936
4.136,0.59448,0.077935
4.136,0.63487,0.077933
4.136,0.67154,0.077932
4.136,0.70427,0.077931
4.136,0.73287,0.07793
4.136,0.75716,0.07793
4.136,0.77702,0.077929
4.136,0.79231,0.077928
4.136,0.80296,0.077928
4.136,0.8089,0.077928
4.136,0.82272,0.077927
4.136,0.87351,0.077925
4.136,0.95702,0.077922
4.136,1.0639,0.077917
4.136,1.1858,0.077911
4.136,1.316,0.077904
4.136,1.4498,0.077895
4.136,1.5834,0.077886
4.136,1.7141,0.077877
4.136,1.8399,0.077867
4.136,1.959,0.077856
4.136,2.0699,0.077846
4.136,2.1716,0.077837
4.136,2.263,0.077828
4.136,2.3433,0.077819
4.136,2.4118,0.077812
4.136,2.468,0.077806
4.136,2.5114,0.077801
4.136,2.5417,0.077798
4.136,2.5586,0.077796
4.136,2.6019,0.077791
4.136,2.7625,0.077772
4.136,3.0267,0.077738
4.136,3.3648,0.077689
4.136,3.7504,0.077628
4.136,4.1625,0.077556
4.136,4.5857,0.077474
4.136,5.0085,0.077384
4.136,5.4224,0.077289
4.136,5.8206,0.077191
4.136,6.1975,0.077092
4.136,6.5489,0.076994
4.136,6.8708,0.0769
4.136,7.1604,0.076812
4.136,7.4148,0.076731
4.136,7.632,0.076661
4.136,7.8101,0.076601
4.136,7.9476,0.076555
4.136,8.0435,0.076522
4.136,8.097,0.076503
4.136,8.2342,0.076455
4.136,8.7435,0.07627
4.136,9.5812,0.075945
4.136,10.654,0.07549
4.136,11.879,0.074921
4.136,13.189,0.074258
4.136,14.536,0.07352
4.136,15.884,0.072731
4.136,17.205,0.071911
4.136,18.478,0.071084
4.136,19.685,0.070268
4.136,20.812,0.069483
4.136,21.847,0.068745
4.136,22.778,0.068067
4.136,23.598,0.067462
4.136,24.298,0.066939
4.136,24.873,0.066506
4.136,25.318,0.06617
4.136,25.628,0.065934
4.136,25.801,0.065802
4.136,26.245,0.065463
4.136,27.897,0.064193
4.136,30.627,0.062078
4.136,34.147,0.059359
4.136,38.201,0.056298
4.136,42.589,0.053128
4.136,47.165,0.050022
4.136,51.817,0.047094
4.136,56.461,0.044401
4.136,61.024,0.041968
4.136,65.445,0.039797
4.136,69.666,0.03788
4.136,73.63,0.036204
4.136,77.284,0.034758
4.136,80.574,0.033532
4.136,83.445,0.032515
4.136,85.848,0.031701
4.136,87.736,0.031084
4.136,89.071,0.030659
4.136,89.823,0.030424
4.136,90.098,0.030339
4.136,90.516,0.03021
4.136,91.257,0.029984
4.136,92.305,0.029669
4.136,93.636,0.029278
4.136,95.22,0.028822
4.136,97.024,0.028319
4.136,99.008,0.027784
4.136,101.13,0.027231
4.136,103.35,0.026675
4.136,105.61,0.02613
4.136,107.88,0.025607
4.136,110.09,0.025117
4.136,112.19,0.024669
4.136,114.14,0.02427
4.136,115.89,0.023926
4.136,117.37,0.023643
4.136,118.56,0.023422
4.136,119.41,0.023268
4.136,119.89,0.023182
4.136,120.11,0.023142
4.136,120.6,0.023056
4.136,121.46,0.022905
4.136,122.7,0.022695
4.136,124.29,0.022431
4.136,126.23,0.022124
4.136,128.48,0.021782
4.136,131.04,0.021416
4.136,133.87,0.021036
4.136,136.96,0.020652
4.136,140.28,0.020273
4.136,143.8,0.019908
4.136,147.5,0.019565
4.136,151.37,0.01925
4.136,155.37,0.018968
4.136,159.49,0.018725
4.136,163.69,0.018523
4.136,167.98,0.018366
4.136,172.3,0.018257
4.136,176.64,0.018195
4.186,0.047495,0.12554
4.186,0.10875,0.12553
4.186,0.16974,0.12553
4.186,0.22981,0.12553
4.186,0.28857,0.12553
4.186,0.34565,0.12553
4.186,0.40072,0.12553
4.186,0.45343,0.12552
4.186,0.50349,0.12552
4.186,0.5506,0.12552
4.186,0.59448,0.12551
4.186,0.63487,0.12551
4.186,0.67154,0.12551
4.186,0.70427,0.12551
4.186,0.73287,0.1255
4.186,0.75716,0.1255
4.186,0.77702,0.1255
4.186,0.79231,0.1255
4.186,0.80296,0.1255
4.186,0.8089,0.1255
4.186,0.82272,0.1255
4.186,0.87351,0.12549
4.186,0.95702,0.12548
4.186,1.0639,0.12547
4.186,1.1858,0.12545
4.186,1.316,0.12543
4.186,1.4498,0.12541
4.186,1.5834,0.12539
4.186,1.7141,0.12536
4.186,1.8399,0.12533
4.186,1.959,0.12531
4.186,2.0699,0.12528
4.186,2.1716,0.12526
4.186,2.263,0.12523
4.186,2.3433,0.12521
4.186,2.4118,0.12519
4.186,2.468,0.12517
4.186,2.5114,0.12516
4.186,2.5417,0.12515
4.186,2.5586,0.12515
4.186,2.6019,0.12513
4.186,2.7625,0.12508
4.186,3.0267,0.12499
4.186,3.3648,0.12487
4.186,3.7504,0.12471
4.186,4.1625,0.12451
4.186,4.5857,0.1243
4.186,5.0085,0.12406
4.186,5.4224,0.12381
4.186,5.8206,0.12356
4.186,6.1975,0.1233
4.186,6.5489,0.12304
4.186,6.8708,0.12279
4.186,7.1604,0.12256
4.186,7.4148,0.12235
4.186,7.632,0.12217
4.186,7.8101,0.12202
4.186,7.9476,0.12189
4.186,8.0435,0.12181
4.186,8.097,0.12176
4.186,8.2342,0.12163
4.186,8.7435,0.12116
4.186,9.5812,0.12031
4.186,10.654,0.11914
4.186,11.879,0.11769
4.186,13.189,0.116
4.186,14.536,0.11415
4.186,15.884,0.11218
4.186,17.205,0.11016
4.186,18.478,0.10815
4.186,19.685,0.10618
4.186,20.812,0.10431
4.186,21.847,0.10257
4.186,22.778,0.10098
4.186,23.598,0.099583
4.186,24.298,0.098383
4.186,24.873,0.097397
4.186,25.318,0.096634
4.186,25.628,0.096103
4.186,25.801,0.095806
4.186,26.245,0.095045
4.186,27.897,0.092231
4.186,30.627,0.087662
4.186,34.147,0.082006
4.186,38.201,0.07593
4.186,42.589,0.069953
4.186,47.165,0.064399
4.186,51.817,0.059416
4.186,56.461,0.055034
4.186,61.024,0.051221
4.186,65.445,0.047918
4.186,69.666,0.045071
4.186,73.63,0.042628
4.186,77.284,0.04055
4.186,80.574,0.038807
4.186,83.445,0.037376
4.186,85.848,0.036238
4.186,87.736,0.035381
4.186,89.071,0.034793
4.186,89.823,0.034469
4.186,90.098,0.034351
4.186,90.516,0.034174
4.186,91.257,0.033863
4.186,92.305,0.033431
4.186,93.636,0.032895
4.186,95.22,0.032274
4.186,97.024,0.03159
4.186,99.008,0.030865
4.186,101.13,0.030121
4.186,103.35,0.029376
4.186,105.61,0.028649
4.186,107.88,0.027955
4.186,110.09,0.027309
4.186,112.19,0.02672
4.186,114.14,0.026198
4.186,115.89,0.02575
4.186,117.37,0.025381
4.186,118.56,0.025096
4.186,119.41,0.024897
4.186,119.89,0.024785
4.186,120.11,0.024733
4.186,120.6,0.024623
4.186,121.46,0.024429
4.186,122.7,0.024158
4.186,124.29,0.023821
4.186,126.23,0.023428
4.186,128.48,0.022993
4.186,131.04,0.022529
4.186,133.87,0.02205
4.186,136.96,0.021568
4.186,140.28,0.021095
4.186,143.8,0.020641
4.186,147.5,0.020217
4.186,151.37,0.019829
4.186,155.37,0.019483
4.186,159.49,0.019186
4.186,163.69,0.018941
4.186,167.98,0.01875
4.186,172.3,0.018617
4.186,176.64,0.018543
4.236,0.047495,0.18951
4.236,0.10875,0.18951
4.236,0.16974,0.18951
4.236,0.22981,0.18951
4.236,0.28857,0.1895
4.236,0.34565,0.1895
4.236,0.40072,0.18949
4.236,0.45343,0.18949
4.236,0.50349,0.18948
4.236,0.5506,0.18947
4.236,0.59448,0.18947
4.236,0.63487,0.18946
4.236,0.67154,0.18946
4.236,0.70427,0.18945
4.236,0.73287,0.18944
4.236,0.75716,0.18944
4.236,0.77702,0.18944
4.236,0.79231,0.18943
4.236,0.80296,0.18943
4.236,0.8089,0.18943
4.236,0.82272,0.18943
4.236,0.87351,0.18942
4.236,0.95702,0.1894
4.236,1.0639,0.18937
4.236,1.1858,0.18933
4.236,1.316,0.18929
4.236,1.4498,0.18924
4.236,1.5834,0.18919
4.236,1.7141,0.18914
4.236,1.8399,0.18908
4.236,1.959,0.18902
4.236,2.0699,0.18896
4.236,2.1716,0.18891
4.236,2.263,0.18886
4.236,2.3433,0.18881
4.236,2.4118,0.18877
4.236,2.468,0.18873
4.236,2.5114,0.18871
4.236,2.5417,0.18869
4.236,2.5586,0.18868
4.236,2.6019,0.18865
4.236,2.7625,0.18854
4.236,3.0267,0.18834
4.236,3.3648,0.18807
4.236,3.7504,0.18772
4.236,4.1625,0.18731
4.236,4.5857,0.18685
4.236,5.0085,0.18634
4.236,5.4224,0.1858
4.236,5.8206,0.18525
4.236,6.1975,0.18469
4.236,6.5489,0.18415
4.236,6.8708,0.18362
4.236,7.1604,0.18313
4.236,7.4148,0.18268
4.236,7.632,0.18229
4.236,7.8101,0.18196
4.236,7.9476,0.1817
4.236,8.0435,0.18152
4.236,8.097,0.18142
4.236,8.2342,0.18115
4.236,8.7435,0.18014
4.236,9.5812,0.17835
4.236,10.654,0.17589
4.236,11.879,0.17284
4.236,13.189,0.16934
4.236,14.536,0.16552
4.236,15.884,0.16151
4.236,17.205,0.15744
4.236,18.478,0.15341
4.236,19.685,0.14952
4.236,20.812,0.14586
4.236,21.847,0.14248
4.236,22.778,0.13945
4.236,23.598,0.13678
4.236,24.298,0.13452
4.236,24.873,0.13267
4.236,25.318,0.13124
4.236,25.628,0.13025
4.236,25.801,0.1297
4.236,26.245,0.1283
4.236,27.897,0.12315
4.236,30.627,0.115
4.236,34.147,0.10525
4.236,38.201,0.095204
4.236,42.589,0.085771
4.236,47.165,0.077399
4.236,51.817,0.070195
4.236,56.461,0.064081
4.236,61.024,0.058908
4.236,65.445,0.054523
4.236,69.666,0.050802
4.236,73.63,0.047647
4.236,77.284,0.044989
4.236,80.574,0.042776
4.236,83.445,0.04097
4.236,85.848,0.039542
4.236,87.736,0.03847
4.236,89.071,0.037738
4.236,89.823,0.037334
4.236,90.098,0.037188
4.236,90.516,0.036968
4.236,91.257,0.036582
4.236,92.305,0.036047
4.236,93.636,0.035384
4.236,95.22,0.034619
4.236,97.024,0.033779
4.236,99.008,0.032892
4.236,101.13,0.031984
4.236,103.35,0.03108
4.236,105.61,0.030201
4.236,107.88,0.029367
4.236,110.09,0.028592
4.236,112.19,0.027889
4.236,114.14,0.027268
4.236,115.89,0.026737
4.236,117.37,0.026301
4.236,118.56,0.025965
4.236,119.41,0.02573
4.236,119.89,0.0256
4.236,120.11,0.025538
4.236,120.6,0.025409
4.236,121.46,0.025181
4.236,122.7,0.024864
4.236,124.29,0.02447
4.236,126.23,0.024013
4.236,128.48,0.023508
4.236,131.04,0.022972
4.236,133.87,0.022419
4.236,136.96,0.021866
4.236,140.28,0.021326
4.236,143.8,0.02081
4.236,147.5,0.020329
4.236,151.37,0.019891
4.236,155.37,0.019502
4.236,159.49,0.019168
4.236,163.69,0.018894
4.236,167.98,0.018682
4.236,172.3,0.018534
4.236,176.64,0.018451
4.286,0.047495,0.27365
4.286,0.10875,0.27365
4.286,0.16974,0.27364
4.286,0.22981,0.27364
4.286,0.28857,0.27363
4.286,0.34565,0.27362
4.286,0.40072,0.27361
4.286,0.45343,0.2736
4.286,0.50349,0.27359
4.286,0.5506,0.27357
4.286,0.59448,0.27356
4.286,0.63487,0.27355
4.286,0.67154,0.27354
4.286,0.70427,0.27353
4.286,0.73287,0.27352
4.286,0.75716,0.27351
4.286,0.77702,0.2735
4.286,0.79231,0.2735
4.286,0.80296,0.27349
4.286,0.8089,0.27349
4.286,0.82272,0.27348
4.286,0.87351,0.27346
4.286,0.95702,0.27343
4.286,1.0639,0.27337
4.286,1.1858,0.27331
4.286,1.316,0.27323
4.286,1.4498,0.27314
4.286,1.5834,0.27304
4.286,1.7141,0.27293
4.286,1.8399,0.27282
4.286,1.959,0.27271
4.286,2.0699,0.2726
4.286,2.1716,0.2725
4.286,2.263,0.2724
4.286,2.3433,0.27231
4.286,2.4118,0.27223
4.286,2.468,0.27217
4.286,2.5114,0.27211
4.286,2.5417,0.27208
4.286,2.5586,0.27206
4.286,2.6019,0.272
4.286,2.7625,0.27179
4.286,3.0267,0.27142
4.286,3.3648,0.2709
4.286,3.7504,0.27025
4.286,4.1625,0.26947
4.286,4.5857,0.26859
4.286,5.0085,0.26763
4.286,5.4224,0.26661
4.286,5.8206,0.26557
4.286,6.1975,0.26452
4.286,6.5489,0.26349
4.286,6.8708,0.2625
4.286,7.1604,0.26158
4.286,7.4148,0.26074
4.286,7.632,0.26
4.286,7.8101,0.25938
4.286,7.9476,0.2589
4.286,8.0435,0.25856
4.286,8.097,0.25837
4.286,8.2342,0.25787
4.286,8.7435,0.25597
4.286,9.5812,0.25265
4.286,10.654,0.24807
4.286,11.879,0.24246
4.286,13.189,0.23605
4.286,14.536,0.22912
4.286,15.884,0.2219
4.286,17.205,0.21464
4.286,18.478,0.20754
4.286,19.685,0.20075
4.286,20.812,0.19442
4.286,21.847,0.18865
4.286,22.778,0.18349
4.286,23.598,0.17901
4.286,24.298,0.17522
4.286,24.873,0.17215
4.286,25.318,0.16979
4.286,25.628,0.16817
4.286,25.801,0.16726
4.286,26.245,0.16496
4.286,27.897,0.15662
4.286,30.627,0.1437
4.286,34.147,0.12874
4.286,38.201,0.11391
4.286,42.589,0.10056
4.286,47.165,0.089165
4.286,51.817,0.079704
4.286,56.461,0.071898
4.286,61.024,0.065429
4.286,65.445,0.060029
4.286,69.666,0.055493
4.286,73.63,0.051678
4.286,77.284,0.048484
4.286,80.574,0.04584
4.286,83.445,0.043692
4.286,85.848,0.042
4.286,87.736,0.040735
4.286,89.071,0.039873
4.286,89.823,0.039399
4.286,90.098,0.039228
4.286,90.516,0.038969
4.286,91.257,0.038517
4.286,92.305,0.037891
4.286,93.636,0.037117
4.286,95.22,0.036226
4.286,97.024,0.03525
4.286,99.008,0.034223
4.286,101.13,0.033176
4.286,103.35,0.032138
4.286,105.61,0.031132
4.286,107.88,0.030181
4.286,110.09,0.029301
4.286,112.19,0.028505
4.286,114.14,0.027806
4.286,115.89,0.027209
4.286,117.37,0.02672
4.286,118.56,0.026344
4.286,119.41,0.026082
4.286,119.89,0.025936
4.286,120.11,0.025867
4.286,120.6,0.025723
4.286,121.46,0.025469
4.286,122.7,0.025117
4.286,124.29,0.02468
4.286,126.23,0.024174
4.286,128.48,0.023617
4.286,131.04,0.023027
4.286,133.87,0.022422
4.286,136.96,0.021818
4.286,140.28,0.02123
4.286,143.8,0.020671
4.286,147.5,0.020151
4.286,151.37,0.019678
4.286,155.37,0.019261
4.286,159.49,0.018904
4.286,163.69,0.01861
4.286,167.98,0.018384
4.286,172.3,0.018226
4.286,176.64,0.018138
4.336,0.047495,0.38164
4.336,0.10875,0.38163
4.336,0.16974,0.38163
4.336,0.22981,0.38161
4.336,0.28857,0.3816
4.336,0.34565,0.38159
4.336,0.40072,0.38157
4.336,0.45343,0.38155
4.336,0.50349,0.38153
4.336,0.5506,0.38151
4.336,0.59448,0.38149
4.336,0.63487,0.38147
4.336,0.67154,0.38145
4.336,0.70427,0.38143
4.336,0.73287,0.38141
4.336,0.75716,0.38139
4.336,0.77702,0.38138
4.336,0.79231,0.38137
4.336,0.80296,0.38136
4.336,0.8089,0.38136
4.336,0.82272,0.38135
4.336,0.87351,0.38131
4.336,0.95702,0.38125
4.336,1.0639,0.38116
4.336,1.1858,0.38104
4.336,1.316,0.3809
4.336,1.4498,0.38074
4.336,1.5834,0.38057
4.336,1.7141,0.38039
4.336,1.8399,0.3802
4.336,1.959,0.38001
4.336,2.0699,0.37982
4.336,2.1716,0.37964
4.336,2.263,0.37947
4.336,2.3433,0.37931
4.336,2.4118,0.37917
4.336,2.468,0.37906
4.336,2.5114,0.37897
4.336,2.5417,0.3789
4.336,2.5586,0.37887
4.336,2.6019,0.37877
4.336,2.7625,0.37841
4.336,3.0267,0.37777
4.336,3.3648,0.37687
4.336,3.7504,0.37572
4.336,4.1625,0.37437
4.336,4.5857,0.37285
4.336,5.0085,0.37119
4.336,5.4224,0.36944
4.336,5.8206,0.36763
4.336,6.1975,0.36582
4.336,6.5489,0.36404
4.336,6.8708,0.36234
4.336,7.1604,0.36075
4.336,7.4148,0.35931
4.336,7.632,0.35805
4.336,7.8101,0.35699
4.336,7.9476,0.35616
4.336,8.0435,0.35558
4.336,8.097,0.35525
4.336,8.2342,0.3544
4.336,8.7435,0.35114
4.336,9.5812,0.34548
4.336,10.654,0.33771
4.336,11.879,0.32824
4.336,13.189,0.31752
4.336,14.536,0.30599
4.336,15.884,0.29411
4.336,17.205,0.28227
4.336,18.478,0.27079
4.336,19.685,0.25994
4.336,20.812,0.24991
4.336,21.847,0.24084
4.336,22.778,0.23282
4.336,23.598,0.2259
4.336,24.298,0.22009
4.336,24.873,0.21541
4.336,25.318,0.21184
4.336,25.628,0.20938
4.336,25.801,0.20802
4.336,26.245,0.20455
4.336,27.897,0.19214
4.336,30.627,0.17329
4.336,34.147,0.15211
4.336,38.201,0.13188
4.336,42.589,0.11431
4.336,47.165,0.099846
4.336,51.817,0.088178
4.336,56.461,0.07876
4.336,61.024,0.071074
4.336,65.445,0.06472
4.336,69.666,0.059421
4.336,73.63,0.054988
4.336,77.284,0.051296
4.336,80.574,0.048252
4.336,83.445,0.04579
4.336,85.848,0.043859
4.336,87.736,0.042419
4.336,89.071,0.04144
4.336,89.823,0.040903
4.336,90.098,0.040709
4.336,90.516,0.040416
4.336,91.257,0.039905
4.336,92.305,0.039198
4.336,93.636,0.038325
4.336,95.22,0.037324
4.336,97.024,0.03623
4.336,99.008,0.035083
4.336,101.13,0.033917
4.336,103.35,0.032765
4.336,105.61,0.031653
4.336,107.88,0.030606
4.336,110.09,0.02964
4.336,112.19,0.02877
4.336,114.14,0.028007
4.336,115.89,0.027358
4.336,117.37,0.026828
4.336,118.56,0.026421
4.336,119.41,0.026137
4.336,119.89,0.02598
4.336,120.11,0.025906
4.336,120.6,0.02575
4.336,121.46,0.025477
4.336,122.7,0.025098
4.336,124.29,0.024628
4.336,126.23,0.024085
4.336,128.48,0.02349
4.336,131.04,0.022861
4.336,133.87,0.022218
4.336,136.96,0.021578
4.336,140.28,0.020957
4.336,143.8,0.020368
4.336,147.5,0.019822
4.336,151.37,0.019327
4.336,155.37,0.018891
4.336,159.49,0.018519
4.336,163.69,0.018213
4.336,167.98,0.017979
4.336,172.3,0.017815
4.336,176.64,0.017724
4.386,0.047495,0.51684
4.386,0.10875,0.51683
4.386,0.16974,0.51682
4.386,0.22981,0.51681
4.386,0.28857,0.51678
4.386,0.34565,0.51676
4.386,0.40072,0.51673
4.386,0.45343,0.5167
4.386,0.50349,0.51667
4.386,0.5506,0.51663
4.386,0.59448,0.5166
4.386,0.63487,0.51656
4.386,0.67154,0.51653
4.386,0.70427,0.5165
4.386,0.73287,0.51647
4.386,0.75716,0.51645
4.386,0.77702,0.51642
4.386,0.79231,0.51641
4.386,0.80296,0.5164
4.386,0.8089,0.51639
4.386,0.82272,0.51637
4.386,0.87351,0.51631
4.386,0.95702,0.51621
4.386,1.0639,0.51606
4.386,1.1858,0.51587
4.386,1.316,0.51564
4.386,1.4498,0.51539
4.386,1.5834,0.51511
4.386,1.7141,0.51481
4.386,1.8399,0.5145
4.386,1.959,0.51419
4.386,2.0699,0.51389
4.386,2.1716,0.51359
4.386,2.263,0.51331
4.386,2.3433,0.51306
4.386,2.4118,0.51283
4.386,2.468,0.51265
4.386,2.5114,0.5125
4.386,2.5417,0.51239
4.386,2.5586,0.51233
4.386,2.6019,0.51218
4.386,2.7625,0.51159
4.386,3.0267,0.51055
4.386,3.3648,0.50908
4.386,3.7504,0.50723
4.386,4.1625,0.50504
4.386,4.5857,0.50257
4.386,5.0085,0.49988
4.386,5.4224,0.49704
4.386,5.8206,0.49413
4.386,6.1975,0.49121
4.386,6.5489,0.48834
4.386,6.8708,0.4856
4.386,7.1604,0.48304
4.386,7.4148,0.48073
4.386,7.632,0.4787
4.386,7.8101,0.47701
4.386,7.9476,0.47568
4.386,8.0435,0.47474
4.386,8.097,0.47421
4.386,8.2342,0.47285
4.386,8.7435,0.46764
4.386,9.5812,0.45861
4.386,10.654,0.44629
4.386,11.879,0.43134
4.386,13.189,0.41452
4.386,14.536,0.39661
4.386,15.884,0.37831
4.386,17.205,0.36022
4.386,18.478,0.34287
4.386,19.685,0.32662
4.386,20.812,0.31174
4.386,21.847,0.29841
4.386,22.778,0.28671
4.386,23.598,0.27669
4.386,24.298,0.26834
4.386,24.873,0.26165
4.386,25.318,0.25657
4.386,25.628,0.25308
4.386,25.801,0.25115
4.386,26.245,0.24627
4.386,27.897,0.22891
4.386,30.627,0.20309
4.386,34.147,0.17488
4.386,38.201,0.1488
4.386,42.589,0.12692
4.386,47.165,0.10944
4.386,51.817,0.095684
4.386,56.461,0.084761
4.386,61.024,0.075939
4.386,65.445,0.068695
4.386,69.666,0.062681
4.386,73.63,0.057672
4.386,77.284,0.053516
4.386,80.574,0.050104
4.386,83.445,0.047356
4.386,85.848,0.045209
4.386,87.736,0.043612
4.386,89.071,0.04253
4.386,89.823,0.041937
4.386,90.098,0.041723
4.386,90.516,0.0414
4.386,91.257,0.040837
4.386,92.305,0.040059
4.386,93.636,0.039102
4.386,95.22,0.038004
4.386,97.024,0.03681
4.386,99.008,0.035561
4.386,101.13,0.034296
4.386,103.35,0.033049
4.386,105.61,0.031851
4.386,107.88,0.030726
4.386,110.09,0.029692
4.386,112.19,0.028764
4.386,114.14,0.027952
4.386,115.89,0.027263
4.386,117.37,0.026702
4.386,118.56,0.026271
4.386,119.41,0.025972
4.386,119.89,0.025805
4.386,120.11,0.025727
4.386,120.6,0.025563
4.386,121.46,0.025275
4.386,122.7,0.024876
4.386,124.29,0.024383
4.386,126.23,0.023814
4.386,128.48,0.023191
4.386,131.04,0.022535
4.386,133.87,0.021867
4.386,136.96,0.021203
4.386,140.28,0.020561
4.386,143.8,0.019953
4.386,147.5,0.019391
4.386,151.37,0.018883
4.386,155.37,0.018436
4.386,159.49,0.018055
4.386,163.69,0.017743
4.386,167.98,0.017504
4.386,172.3,0.017338
4.386,176.64,0.017246
4.436,0.047495,0.68276
4.436,0.10875,0.68275
4.436,0.16974,0.68273
4.436,0.22981,0.68271
4.436,0.28857,0.68268
4.436,0.34565,0.68264
4.436,0.40072,0.68259
4.436,0.45343,0.68255
4.436,0.50349,0.68249
4.436,0.5506,0.68244
4.436,0.59448,0.68239
4.436,0.63487,0.68233
4.436,0.67154,0.68228
4.436,0.70427,0.68223
4.436,0.73287,0.68219
4.436,0.75716,0.68215
4.436,0.77702,0.68212
4.436,0.79231,0.68209
4.436,0.80296,0.68208
4.436,0.8089,0.68207
4.436,0.82272,0.68204
4.436,0.87351,0.68195
4.436,0.95702,0.68179
4.436,1.0639,0.68155
4.436,1.1858,0.68126
4.436,1.316,0.68091
4.436,1.4498,0.68052
4.436,1.5834,0.68009
4.436,1.7141,0.67963
4.436,1.8399,0.67915
4.436,1.959,0.67867
4.436,2.0699,0.6782
4.436,2.1716,0.67774
4.436,2.263,0.67731
4.436,2.3433,0.67692
4.436,2.4118,0.67657
4.436,2.468,0.67628
4.436,2.5114,0.67606
4.436,2.5417,0.67589
4.436,2.5586,0.6758
4.436,2.6019,0.67557
4.436,2.7625,0.67466
4.436,3.0267,0.67305
4.436,3.3648,0.67079
4.436,3.7504,0.66793
4.436,4.1625,0.66456
4.436,4.5857,0.66076
4.436,5.0085,0.65663
4.436,5.4224,0.65228
4.436,5.8206,0.64781
4.436,6.1975,0.64333
4.436,6.5489,0.63894
4.436,6.8708,0.63476
4.436,7.1604,0.63085
4.436,7.4148,0.62732
4.436,7.632,0.62423
4.436,7.8101,0.62165
4.436,7.9476,0.61963
4.436,8.0435,0.6182
4.436,8.097,0.6174
4.436,8.2342,0.61533
4.436,8.7435,0.60743
4.436,9.5812,0.59376
4.436,10.654,0.57518
4.436,11.879,0.55279
4.436,13.189,0.52778
4.436,14.536,0.50134
4.436,15.884,0.47456
4.436,17.205,0.44836
4.436,18.478,0.42344
4.436,19.685,0.40032
4.436,20.812,0.37935
4.436,21.847,0.36072
4.436,22.778,0.34451
4.436,23.598,0.33072
4.436,24.298,0.31931
4.436,24.873,0.31021
4.436,25.318,0.30334
4.436,25.628,0.29863
4.436,25.801,0.29604
4.436,26.245,0.28948
4.436,27.897,0.26638
4.436,30.627,0.23266
4.436,34.147,0.1968
4.436,38.201,0.16465
4.436,42.589,0.13849
4.436,47.165,0.11814
4.436,51.817,0.10242
4.436,56.461,0.090096
4.436,61.024,0.080208
4.436,65.445,0.072121
4.436,69.666,0.065431
4.436,73.63,0.059878
4.436,77.284,0.055289
4.436,80.574,0.051537
4.436,83.445,0.048527
4.436,85.848,0.046183
4.436,87.736,0.044447
4.436,89.071,0.043273
4.436,89.823,0.04263
4.436,90.098,0.042398
4.436,90.516,0.042049
4.436,91.257,0.04144
4.436,92.305,0.0406
4.436,93.636,0.039568
4.436,95.22,0.038389
4.436,97.024,0.037109
4.436,99.008,0.035773
4.436,101.13,0.034425
4.436,103.35,0.033102
4.436,105.61,0.031834
4.436,107.88,0.030647
4.436,110.09,0.029559
4.436,112.19,0.028586
4.436,114.14,0.027736
4.436,115.89,0.027017
4.436,117.37,0.026432
4.436,118.56,0.025983
4.436,119.41,0.025672
4.436,119.89,0.0255
4.436,120.11,0.025419
4.436,120.6,0.025248
4.436,121.46,0.02495
4.436,122.7,0.024537
4.436,124.29,0.024026
4.436,126.23,0.023439
4.436,128.48,0.022798
4.436,131.04,0.022124
4.436,133.87,0.021439
4.436,136.96,0.020761
4.436,140.28,0.020106
4.436,143.8,0.019488
4.436,147.5,0.018917
4.436,151.37,0.018401
4.436,155.37,0.017948
4.436,159.49,0.017562
4.436,163.69,0.017248
4.436,167.98,0.017008
4.436,172.3,0.016842
4.436,176.64,0.01675
4.486,0.047495,0.88256
4.486,0.10875,0.88255
4.486,0.16974,0.88252
4.486,0.22981,0.88248
4.486,0.28857,0.88243
4.486,0.34565,0.88238
4.486,0.40072,0.88231
4.486,0.45343,0.88224
4.486,0.50349,0.88216
4.486,0.5506,0.88208
4.486,0.59448,0.882
4.486,0.63487,0.88193
4.486,0.67154,0.88185
4.486,0.70427,0.88178
4.486,0.73287,0.88171
4.486,0.75716,0.88166
4.486,0.77702,0.88161
4.486,0.79231,0.88157
4.486,0.80296,0.88154
4.486,0.8089,0.88153
4.486,0.82272,0.88149
4.486,0.87351,0.88136
4.486,0.95702,0.88111
4.486,1.0639,0.88077
4.486,1.1858,0.88034
4.486,1.316,0.87982
4.486,1.4498,0.87924
4.486,1.5834,0.8786
4.486,1.7141,0.87792
4.486,1.8399,0.87721
4.486,1.959,0.8765
4.486,2.0699,0.8758
4.486,2.1716,0.87512
4.486,2.263,0.87449
4.486,2.3433,0.87391
4.486,2.4118,0.8734
4.486,2.468,0.87297
4.486,2.5114,0.87263
4.486,2.5417,0.87239
4.486,2.5586,0.87226
4.486,2.6019,0.87191
4.486,2.7625,0.87056
4.486,3.0267,0.86818
4.486,3.3648,0.86484
4.486,3.7504,0.86062
4.486,4.1625,0.85564
4.486,4.5857,0.85004
4.486,5.0085,0.84395
4.486,5.4224,0.83755
4.486,5.8206,0.83098
4.486,6.1975,0.8244
4.486,6.5489,0.81797
4.486,6.8708,0.81183
4.486,7.1604,0.80612
4.486,7.4148,0.80096
4.486,7.632,0.79644
4.486,7.8101,0.79267
4.486,7.9476,0.78972
4.486,8.0435,0.78764
4.486,8.097,0.78647
4.486,8.2342,0.78345
4.486,8.7435,0.77196
4.486,9.5812,0.75212
4.486,10.654,0.72529
4.486,11.879,0.69313
4.486,13.189,0.65746
4.486,14.536,0.62006
4.486,15.884,0.5825
4.486,17.205,0.54607
4.486,18.478,0.51176
4.486,19.685,0.48022
4.486,20.812,0.45187
4.486,21.847,0.42689
4.486,22.778,0.40533
4.486,23.598,0.38712
4.486,24.298,0.37215
4.486,24.873,0.36026
4.486,25.318,0.35133
4.486,25.628,0.34523
4.486,25.801,0.34187
4.486,26.245,0.33341
4.486,27.897,0.30388
4.486,30.627,0.26153
4.486,34.147,0.21761
4.486,38.201,0.17934
4.486,42.589,0.14905
4.486,47.165,0.12601
4.486,51.817,0.10849
4.486,56.461,0.09485
4.486,61.024,0.083955
4.486,65.445,0.075067
4.486,69.666,0.067736
4.486,73.63,0.061672
4.486,77.284,0.056679
4.486,80.574,0.052615
4.486,83.445,0.049366
4.486,85.848,0.046846
4.486,87.736,0.044985
4.486,89.071,0.043729
4.486,89.823,0.043043
4.486,90.098,0.042796
4.486,90.516,0.042424
4.486,91.257,0.041775
4.486,92.305,0.040882
4.486,93.636,0.039786
4.486,95.22,0.038537
4.486,97.024,0.037184
4.486,99.008,0.035778
4.486,101.13,0.034362
4.486,103.35,0.032977
4.486,105.61,0.031654
4.486,107.88,0.030419
4.486,110.09,0.02929
4.486,112.19,0.028283
4.486,114.14,0.027405
4.486,115.89,0.026663
4.486,117.37,0.026061
4.486,118.56,0.0256
4.486,119.41,0.025281
4.486,119.89,0.025104
4.486,120.11,0.025021
4.486,120.6,0.024846
4.486,121.46,0.02454
4.486,122.7,0.024117
4.486,124.29,0.023595
4.486,126.23,0.022997
4.486,128.48,0.022344
4.486,131.04,0.021659
4.486,133.87,0.020965
4.486,136.96,0.02028
4.486,140.28,0.019619
4.486,143.8,0.018996
4.486,147.5,0.018421
4.486,151.37,0.017902
4.486,155.37,0.017447
4.486,159.49,0.01706
4.486,163.69,0.016746
4.486,167.98,0.016508
4.486,172.3,0.016344
4.486,176.64,0.016253
4.536,0.047495,1.1191
4.536,0.10875,1.1191
4.536,0.16974,1.1191
4.536,0.22981,1.119
4.536,0.28857,1.1189
4.536,0.34565,1.1189
4.536,0.40072,1.1188
4.536,0.45343,1.1187
4.536,0.50349,1.1186
4.536,0.5506,1.1184
4.536,0.59448,1.1183
4.536,0.63487,1.1182
4.536,0.67154,1.1181
4.536,0.70427,1.118
4.536,0.73287,1.1179
4.536,0.75716,1.1178
4.536,0.77702,1.1178
4.536,0.79231,1.1177
4.536,0.80296,1.1177
4.536,0.8089,1.1176
4.536,0.82272,1.1176
4.536,0.87351,1.1174
4.536,0.95702,1.117
4.536,1.0639,1.1166
4.536,1.1858,1.1159
4.536,1.316,1.1152
4.536,1.4498,1.1144
4.536,1.5834,1.1134
4.536,1.7141,1.1125
4.536,1.8399,1.1115
4.536,1.959,1.1105
4.536,2.0699,1.1094
4.536,2.1716,1.1085
4.536,2.263,1.1076
4.536,2.3433,1.1067
4.536,2.4118,1.106
4.536,2.468,1.1054
4.536,2.5114,1.1049
4.536,2.5417,1.1046
4.536,2.5586,1.1044
4.536,2.6019,1.1039
4.536,2.7625,1.102
4.536,3.0267,1.0986
4.536,3.3648,1.0938
4.536,3.7504,1.0878
4.536,4.1625,1.0807
4.536,4.5857,1.0727
4.536,5.0085,1.064
4.536,5.4224,1.0549
4.536,5.8206,1.0456
4.536,6.1975,1.0363
4.536,6.5489,1.0272
4.536,6.8708,1.0185
4.536,7.1604,1.0104
4.536,7.4148,1.0031
4.536,7.632,0.99675
4.536,7.8101,0.99144
4.536,7.9476,0.98728
4.536,8.0435,0.98435
4.536,8.097,0.9827
4.536,8.2342,0.97846
4.536,8.7435,0.9623
4.536,9.5812,0.93451
4.536,10.654,0.89707
4.536,11.879,0.85247
4.536,13.189,0.80335
4.536,14.536,0.75226
4.536,15.884,0.70138
4.536,17.205,0.65249
4.536,18.478,0.60685
4.536,19.685,0.56528
4.536,20.812,0.52824
4.536,21.847,0.49588
4.536,22.778,0.46816
4.536,23.598,0.44492
4.536,24.298,0.42591
4.536,24.873,0.41091
4.536,25.318,0.39968
4.536,25.628,0.39204
4.536,25.801,0.38783
4.536,26.245,0.37727
4.536,27.897,0.34073
4.536,30.627,0.28921
4.536,34.147,0.23704
4.536,38.201,0.19278
4.536,42.589,0.15861
4.536,47.165,0.1331
4.536,51.817,0.1139
4.536,56.461,0.099048
4.536,61.024,0.087201
4.536,65.445,0.077554
4.536,69.666,0.069618
4.536,73.63,0.063077
4.536,77.284,0.057714
4.536,80.574,0.053366
4.536,83.445,0.049904
4.536,85.848,0.047229
4.536,87.736,0.045258
4.536,89.071,0.043932
4.536,89.823,0.043209
4.536,90.098,0.042948
4.536,90.516,0.042556
4.536,91.257,0.041874
4.536,92.305,0.040936
4.536,93.636,0.039787
4.536,95.22,0.038479
4.536,97.024,0.037068
4.536,99.008,0.035604
4.536,101.13,0.034135
4.536,103.35,0.032702
4.536,105.61,0.031338
4.536,107.88,0.030067
4.536,110.09,0.028909
4.536,112.19,0.027878
4.536,114.14,0.026981
4.536,115.89,0.026224
4.536,117.37,0.02561
4.536,118.56,0.025141
4.536,119.41,0.024816
4.536,119.89,0.024636
4.536,120.11,0.024552
4.536,120.6,0.024374
4.536,121.46,0.024064
4.536,122.7,0.023635
4.536,124.29,0.023106
4.536,126.23,0.022501
4.536,128.48,0.021842
4.536,131.04,0.021153
4.536,133.87,0.020456
4.536,136.96,0.019769
4.536,140.28,0.019109
4.536,143.8,0.018486
4.536,147.5,0.017911
4.536,151.37,0.017393
4.536,155.37,0.016937
4.536,159.49,0.016552
4.536,163.69,0.016241
4.536,167.98,0.016005
4.536,172.3,0.015845
4.536,176.64,0.015758
4.586,0.047495,1.3953
4.586,0.10875,1.3953
4.586,0.16974,1.3952
4.586,0.22981,1.3951
4.586,0.28857,1.395
4.586,0.34565,1.3949
4.586,0.40072,1.3948
4.586,0.45343,1.3946
4.586,0.50349,1.3945
4.586,0.5506,1.3943
4.586,0.59448,1.3942
4.586,0.63487,1.394
4.586,0.67154,1.3939
4.586,0.70427,1.3937
4.586,0.73287,1.3936
4.586,0.75716,1.3935
4.586,0.77702,1.3934
4.586,0.79231,1.3933
4.586,0.80296,1.3933
4.586,0.8089,1.3932
4.586,0.82272,1.3932
4.586,0.87351,1.3929
4.586,0.95702,1.3924
4.586,1.0639,1.3917
4.586,1.1858,1.3909
4.586,1.316,1.3898
4.586,1.4498,1.3887
4.586,1.5834,1.3874
4.586,1.7141,1.3861
4.586,1.8399,1.3847
4.586,1.959,1.3832
4.586,2.0699,1.3818
4.586,2.1716,1.3805
4.586,2.263,1.3792
4.586,2.3433,1.3781
4.586,2.4118,1.3771
4.586,2.468,1.3762
4.586,2.5114,1.3756
4.586,2.5417,1.3751
4.586,2.5586,1.3748
4.586,2.6019,1.3741
4.586,2.7625,1.3715
4.586,3.0267,1.3667
4.586,3.3648,1.3601
4.586,3.7504,1.3518
4.586,4.1625,1.342
4.586,4.5857,1.3309
4.586,5.0085,1.319
4.586,5.4224,1.3064
4.586,5.8206,1.2935
4.586,6.1975,1.2807
4.586,6.5489,1.2682
4.586,6.8708,1.2562
4.586,7.1604,1.2451
4.586,7.4148,1.2351
4.586,7.632,1.2264
4.586,7.8101,1.2192
4.586,7.9476,1.2135
4.586,8.0435,1.2095
4.586,8.097,1.2072
4.586,8.2342,1.2014
4.586,8.7435,1.1794
4.586,9.5812,1.1415
4.586,10.654,1.0908
4.586,11.879,1.0308
4.586,13.189,0.96511
4.586,14.536,0.89732
4.586,15.884,0.83041
4.586,17.205,0.76668
4.586,18.478,0.70772
4.586,19.685,0.65451
4.586,20.812,0.6075
4.586,21.847,0.56676
4.586,22.778,0.53213
4.586,23.598,0.50328
4.586,24.298,0.47984
4.586,24.873,0.46143
4.586,25.318,0.4477
4.586,25.628,0.43838
4.586,25.801,0.43327
4.586,26.245,0.42045
4.586,27.897,0.37644
4.586,30.627,0.31543
4.586,34.147,0.25502
4.586,38.201,0.20501
4.586,42.589,0.16724
4.586,47.165,0.13948
4.586,51.817,0.11876
4.586,56.461,0.10276
4.586,61.024,0.090002
4.586,65.445,0.079633
4.586,69.666,0.071127
4.586,73.63,0.064145
4.586,77.284,0.058443
4.586,80.574,0.05384
4.586,83.445,0.050189
4.586,85.848,0.047377
4.586,87.736,0.045313
4.586,89.071,0.043927
4.586,89.823,0.043172
4.586,90.098,0.0429
4.586,90.516,0.042492
4.586,91.257,0.041781
4.586,92.305,0.040805
4.586,93.636,0.039612
4.586,95.22,0.038258
4.586,97.024,0.036799
4.586,99.008,0.035291
4.586,101.13,0.033783
4.586,103.35,0.032315
4.586,105.61,0.030921
4.586,107.88,0.029626
4.586,110.09,0.028448
4.586,112.19,0.027401
4.586,114.14,0.026492
4.586,115.89,0.025725
4.586,117.37,0.025105
4.586,118.56,0.024631
4.586,119.41,0.024303
4.586,119.89,0.024121
4.586,120.11,0.024036
4.586,120.6,0.023857
4.586,121.46,0.023544
4.586,122.7,0.023112
4.586,124.29,0.022581
4.586,126.23,0.021973
4.586,128.48,0.021312
4.586,131.04,0.020624
4.586,133.87,0.019929
4.586,136.96,0.019245
4.586,140.28,0.018589
4.586,143.8,0.01797
4.586,147.5,0.017399
4.586,151.37,0.016883
4.586,155.37,0.016429
4.586,159.49,0.016046
4.586,163.69,0.015739
4.586,167.98,0.01551
4.586,172.3,0.015355
4.586,176.64,0.015272
4.636,0.047495,1.7137
4.636,0.10875,1.7137
4.636,0.16974,1.7136
4.636,0.22981,1.7135
4.636,0.28857,1.7134
4.636,0.34565,1.7132
4.636,0.40072,1.7131
4.636,0.45343,1.7129
4.636,0.50349,1.7127
4.636,0.5506,1.7125
4.636,0.59448,1.7122
4.636,0.63487,1.712
4.636,0.67154,1.7118
4.636,0.70427,1.7116
4.636,0.73287,1.7115
4.636,0.75716,1.7113
4.636,0.77702,1.7112
4.636,0.79231,1.7111
4.636,0.80296,1.711
4.636,0.8089,1.7109
4.636,0.82272,1.7109
4.636,0.87351,1.7105
4.636,0.95702,1.7098
4.636,1.0639,1.7089
4.636,1.1858,1.7077
4.636,1.316,1.7064
4.636,1.4498,1.7048
4.636,1.5834,1.7031
4.636,1.7141,1.7012
4.636,1.8399,1.6993
4.636,1.959,1.6974
4.636,2.0699,1.6955
4.636,2.1716,1.6937
4.636,2.263,1.692
4.636,2.3433,1.6904
4.636,2.4118,1.6891
4.636,2.468,1.6879
4.636,2.5114,1.687
4.636,2.5417,1.6864
4.636,2.5586,1.686
4.636,2.6019,1.6851
4.636,2.7625,1.6815
4.636,3.0267,1.6751
4.636,3.3648,1.6661
4.636,3.7504,1.6549
4.636,4.1625,1.6416
4.636,4.5857,1.6267
4.636,5.0085,1.6106
4.636,5.4224,1.5937
4.636,5.8206,1.5764
4.636,6.1975,1.5591
4.636,6.5489,1.5423
4.636,6.8708,1.5263
4.636,7.1604,1.5115
4.636,7.4148,1.4982
4.636,7.632,1.4865
4.636,7.8101,1.4768
4.636,7.9476,1.4692
4.636,8.0435,1.4639
4.636,8.097,1.4609
4.636,8.2342,1.4531
4.636,8.7435,1.4238
4.636,9.5812,1.3736
4.636,10.654,1.3067
4.636,11.879,1.2278
4.636,13.189,1.1422
4.636,14.536,1.0545
4.636,15.884,0.96867
4.636,17.205,0.88765
4.636,18.478,0.81337
4.636,19.685,0.74693
4.636,20.812,0.68872
4.636,21.847,0.63868
4.636,22.778,0.59646
4.636,23.598,0.56152
4.636,24.298,0.53329
4.636,24.873,0.51122
4.636,25.318,0.49483
4.636,25.628,0.48373
4.636,25.801,0.47765
4.636,26.245,0.46246
4.636,27.897,0.41069
4.636,30.627,0.34003
4.636,34.147,0.27155
4.636,38.201,0.21614
4.636,42.589,0.17509
4.636,47.165,0.14529
4.636,51.817,0.12315
4.636,56.461,0.10605
4.636,61.024,0.092425
4.636,65.445,0.081364
4.636,69.666,0.072323
4.636,73.63,0.064932
4.636,77.284,0.058924
4.636,80.574,0.054092
4.636,83.445,0.050275
4.636,85.848,0.047345
4.636,87.736,0.045199
4.636,89.071,0.043762
4.636,89.823,0.042981
4.636,90.098,0.042699
4.636,90.516,0.042277
4.636,91.257,0.041543
4.636,92.305,0.040536
4.636,93.636,0.039307
4.636,95.22,0.037916
4.636,97.024,0.036421
4.636,99.008,0.03488
4.636,101.13,0.033342
4.636,103.35,0.03185
4.636,105.61,0.030437
4.636,107.88,0.029127
4.636,110.09,0.027938
4.636,112.19,0.026882
4.636,114.14,0.025966
4.636,115.89,0.025194
4.636,117.37,0.02457
4.636,118.56,0.024094
4.636,119.41,0.023765
4.636,119.89,0.023582
4.636,120.11,0.023497
4.636,120.6,0.023317
4.636,121.46,0.023004
4.636,122.7,0.022571
4.636,124.29,0.022039
4.636,126.23,0.021431
4.636,128.48,0.020773
4.636,131.04,0.020088
4.636,133.87,0.019399
4.636,136.96,0.018723
4.636,140.28,0.018074
4.636,143.8,0.017462
4.636,147.5,0.016896
4.636,151.37,0.016383
4.636,155.37,0.015933
4.636,159.49,0.015553
4.636,163.69,0.015251
4.636,167.98,0.015029
4.636,172.3,0.014883
4.636,176.64,0.014805
4.686,0.047495,2.0769
4.686,0.10875,2.0769
4.686,0.16974,2.0768
4.686,0.22981,2.0766
4.686,0.28857,2.0765
4.686,0.34565,2.0763
4.686,0.40072,2.076
4.686,0.45343,2.0758
4.686,0.50349,2.0755
4.686,0.5506,2.0752
4.686,0.59448,2.0749
4.686,0.63487,2.0747
4.686,0.67154,2.0744
4.686,0.70427,2.0741
4.686,0.73287,2.0739
4.686,0.75716,2.0737
4.686,0.77702,2.0735
4.686,0.79231,2.0734
4.686,0.80296,2.0733
4.686,0.8089,2.0732
4.686,0.82272,2.0731
4.686,0.87351,2.0726
4.686,0.95702,2.0717
4.686,1.0639,2.0705
4.686,1.1858,2.069
4.686,1.316,2.0671
4.686,1.4498,2.065
4.686,1.5834,2.0628
4.686,1.7141,2.0603
4.686,1.8399,2.0578
4.686,1.959,2.0553
4.686,2.0699,2.0528
4.686,2.1716,2.0504
4.686,2.263,2.0481
4.686,2.3433,2.046
4.686,2.4118,2.0442
4.686,2.468,2.0427
4.686,2.5114,2.0415
4.686,2.5417,2.0406
4.686,2.5586,2.0402
4.686,2.6019,2.0389
4.686,2.7625,2.0341
4.686,3.0267,2.0257
4.686,3.3648,2.0139
4.686,3.7504,1.999
4.686,4.1625,1.9814
4.686,4.5857,1.9618
4.686,5.0085,1.9405
4.686,5.4224,1.9182
4.686,5.8206,1.8955
4.686,6.1975,1.8728
4.686,6.5489,1.8508
4.686,6.8708,1.8298
4.686,7.1604,1.8104
4.686,7.4148,1.7929
4.686,7.632,1.7777
4.686,7.8101,1.765
4.686,7.9476,1.7551
4.686,8.0435,1.7481
4.686,8.097,1.7442
4.686,8.2342,1.7341
4.686,8.7435,1.6959
4.686,9.5812,1.6308
4.686,10.654,1.5443
4.686,11.879,1.443
4.686,13.189,1.3338
4.686,14.536,1.2228
4.686,15.884,1.1151
4.686,17.205,1.0143
4.686,18.478,0.92273
4.686,19.685,0.84151
4.686,20.812,0.77097
4.686,21.847,0.7108
4.686,22.778,0.66038
4.686,23.598,0.61893
4.686,24.298,0.58563
4.686,24.873,0.55972
4.686,25.318,0.54055
4.686,25.628,0.52761
4.686,25.801,0.52053
4.686,26.245,0.50288
4.686,27.897,0.44317
4.686,30.627,0.3629
4.686,34.147,0.28667
4.686,38.201,0.22625
4.686,42.589,0.18225
4.686,47.165,0.1506
4.686,51.817,0.12713
4.686,56.461,0.10898
4.686,61.024,0.094509
4.686,65.445,0.082788
4.686,69.666,0.073244
4.686,73.63,0.065479
4.686,77.284,0.059194
4.686,80.574,0.05416
4.686,83.445,0.050198
4.686,85.848,0.047165
4.686,87.736,0.044951
4.686,89.071,0.043471
4.686,89.823,0.042668
4.686,90.098,0.042378
4.686,90.516,0.041945
4.686,91.257,0.041192
4.686,92.305,0.04016
4.686,93.636,0.038903
4.686,95.22,0.037483
4.686,97.024,0.035961
4.686,99.008,0.034396
4.686,101.13,0.032839
4.686,103.35,0.031333
4.686,105.61,0.02991
4.686,107.88,0.028592
4.686,110.09,0.027398
4.686,112.19,0.026338
4.686,114.14,0.02542
4.686,115.89,0.024647
4.686,117.37,0.024022
4.686,118.56,0.023546
4.686,119.41,0.023216
4.686,119.89,0.023034
4.686,120.11,0.022948
4.686,120.6,0.022769
4.686,121.46,0.022455
4.686,122.7,0.022023
4.686,124.29,0.021493
4.686,126.23,0.020888
4.686,128.48,0.020235
4.686,131.04,0.019556
4.686,133.87,0.018876
4.686,136.96,0.01821
4.686,140.28,0.017571
4.686,143.8,0.016969
4.686,147.5,0.016409
4.686,151.37,0.0159
4.686,155.37,0.015451
4.686,159.49,0.015075
4.686,163.69,0.01478
4.686,167.98,0.014567
4.686,172.3,0.01443
4.686,176.64,0.01436
4.736,0.047495,2.487
4.736,0.10875,2.4869
4.736,0.16974,2.4868
4.736,0.22981,2.4866
4.736,0.28857,2.4864
4.736,0.34565,2.4861
4.736,0.40072,2.4858
4.736,0.45343,2.4855
4.736,0.50349,2.4851
4.736,0.5506,2.4848
4.736,0.59448,2.4844
4.736,0.63487,2.484
4.736,0.67154,2.4837
4.736,0.70427,2.4833
4.736,0.73287,2.483
4.736,0.75716,2.4828
4.736,0.77702,2.4825
4.736,0.79231,2.4824
4.736,0.80296,2.4822
4.736,0.8089,2.4822
4.736,0.82272,2.482
4.736,0.87351,2.4814
4.736,0.95702,2.4802
4.736,1.0639,2.4786
4.736,1.1858,2.4766
4.736,1.316,2.4742
4.736,1.4498,2.4715
4.736,1.5834,2.4685
4.736,1.7141,2.4654
4.736,1.8399,2.4621
4.736,1.959,2.4588
4.736,2.0699,2.4556
4.736,2.1716,2.4524
4.736,2.263,2.4495
4.736,2.3433,2.4468
4.736,2.4118,2.4444
4.736,2.468,2.4424
4.736,2.5114,2.4409
4.736,2.5417,2.4398
4.736,2.5586,2.4392
4.736,2.6019,2.4375
4.736,2.7625,2.4313
4.736,3.0267,2.4204
4.736,3.3648,2.405
4.736,3.7504,2.3857
4.736,4.1625,2.3629
4.736,4.5857,2.3375
4.736,5.0085,2.31
4.736,5.4224,2.2812
4.736,5.8206,2.2518
4.736,6.1975,2.2226
4.736,6.5489,2.1942
4.736,6.8708,2.1673
4.736,7.1604,2.1423
4.736,7.4148,2.1199
4.736,7.632,2.1003
4.736,7.8101,2.0841
4.736,7.9476,2.0714
4.736,8.0435,2.0625
4.736,8.097,2.0575
4.736,8.2342,2.0446
4.736,8.7435,1.9958
4.736,9.5812,1.9129
4.736,10.654,1.8031
4.736,11.879,1.6755
4.736,13.189,1.5388
4.736,14.536,1.401
4.736,15.884,1.2684
4.736,17.205,1.1454
4.736,18.478,1.0346
4.736,19.685,0.93722
4.736,20.812,0.8533
4.736,21.847,0.78227
4.736,22.778,0.72317
4.736,23.598,0.67489
4.736,24.298,0.63631
4.736,24.873,0.60643
4.736,25.318,0.5844
4.736,25.628,0.56956
4.736,25.801,0.56147
4.736,26.245,0.54131
4.736,27.897,0.47364
4.736,30.627,0.38396
4.736,34.147,0.30038
4.736,38.201,0.23541
4.736,42.589,0.18877
4.736,47.165,0.15545
4.736,51.817,0.13072
4.736,56.461,0.11156
4.736,61.024,0.09627
4.736,65.445,0.08392
4.736,69.666,0.07391
4.736,73.63,0.065807
4.736,77.284,0.059278
4.736,80.574,0.054067
4.736,83.445,0.049979
4.736,85.848,0.04686
4.736,87.736,0.044589
4.736,89.071,0.043074
4.736,89.823,0.042252
4.736,90.098,0.041956
4.736,90.516,0.041514
4.736,91.257,0.040745
4.736,92.305,0.039694
4.736,93.636,0.038416
4.736,95.22,0.036975
4.736,97.024,0.035434
4.736,99.008,0.033855
4.736,101.13,0.032288
4.736,103.35,0.030776
4.736,105.61,0.02935
4.736,107.88,0.028032
4.736,110.09,0.026839
4.736,112.19,0.02578
4.736,114.14,0.024863
4.736,115.89,0.024091
4.736,117.37,0.023468
4.736,118.56,0.022992
4.736,119.41,0.022663
4.736,119.89,0.022481
4.736,120.11,0.022396
4.736,120.6,0.022217
4.736,121.46,0.021905
4.736,122.7,0.021474
4.736,124.29,0.020947
4.736,126.23,0.020347
4.736,128.48,0.0197
4.736,131.04,0.019031
4.736,133.87,0.018361
4.736,136.96,0.017708
4.736,140.28,0.017082
4.736,143.8,0.01649
4.736,147.5,0.015937
4.736,151.37,0.015432
4.736,155.37,0.014986
4.736,159.49,0.014613
4.736,163.69,0.014325
4.736,167.98,0.014123
4.736,172.3,0.013998
4.736,176.64,0.013937
4.786,0.047495,2.9458
4.786,0.10875,2.9457
4.786,0.16974,2.9456
4.786,0.22981,2.9454
4.786,0.28857,2.9451
4.786,0.34565,2.9447
4.786,0.40072,2.9443
4.786,0.45343,2.9439
4.786,0.50349,2.9434
4.786,0.5506,2.943
4.786,0.59448,2.9425
4.786,0.63487,2.942
4.786,0.67154,2.9416
4.786,0.70427,2.9412
4.786,0.73287,2.9408
4.786,0.75716,2.9404
4.786,0.77702,2.9401
4.786,0.79231,2.9399
4.786,0.80296,2.9397
4.786,0.8089,2.9397
4.786,0.82272,2.9394
4.786,0.87351,2.9386
4.786,0.95702,2.9372
4.786,1.0639,2.9352
4.786,1.1858,2.9326
4.786,1.316,2.9295
4.786,1.4498,2.926
4.786,1.5834,2.9222
4.786,1.7141,2.9182
4.786,1.8399,2.914
4.786,1.959,2.9098
4.786,2.0699,2.9056
4.786,2.1716,2.9016
4.786,2.263,2.8978
4.786,2.3433,2.8944
4.786,2.4118,2.8914
4.786,2.468,2.8889
4.786,2.5114,2.8869
4.786,2.5417,2.8854
4.786,2.5586,2.8847
4.786,2.6019,2.8826
4.786,2.7625,2.8747
4.786,3.0267,2.8607
4.786,3.3648,2.841
4.786,3.7504,2.8164
4.786,4.1625,2.7874
4.786,4.5857,2.755
4.786,5.0085,2.72
4.786,5.4224,2.6834
4.786,5.8206,2.6461
4.786,6.1975,2.6091
4.786,6.5489,2.5731
4.786,6.8708,2.539
4.786,7.1604,2.5075
4.786,7.4148,2.4792
4.786,7.632,2.4545
4.786,7.8101,2.4341
4.786,7.9476,2.4181
4.786,8.0435,2.4069
4.786,8.097,2.4006
4.786,8.2342,2.3843
4.786,8.7435,2.3231
4.786,9.5812,2.2192
4.786,10.654,2.0825
4.786,11.879,1.9243
4.786,13.189,1.7561
4.786,14.536,1.5879
4.786,15.884,1.4274
4.786,17.205,1.2798
4.786,18.478,1.148
4.786,19.685,1.033
4.786,20.812,0.93483
4.786,21.847,0.85233
4.786,22.778,0.78417
4.786,23.598,0.72882
4.786,24.298,0.68482
4.786,24.873,0.6509
4.786,25.318,0.62597
4.786,25.628,0.60923
4.786,25.801,0.60011
4.786,26.245,0.57746
4.786,27.897,0.50189
4.786,30.627,0.40313
4.786,34.147,0.31273
4.786,38.201,0.24368
4.786,42.589,0.19471
4.786,47.165,0.15986
4.786,51.817,0.13395
4.786,56.461,0.11379
4.786,61.024,0.097715
4.786,65.445,0.084771
4.786,69.666,0.074336
4.786,73.63,0.065933
4.786,77.284,0.059191
4.786,80.574,0.05383
4.786,83.445,0.049637
4.786,85.848,0.046445
4.786,87.736,0.044127
4.786,89.071,0.042584
4.786,89.823,0.041748
4.786,90.098,0.041448
4.786,90.516,0.040998
4.786,91.257,0.040218
4.786,92.305,0.039152
4.786,93.636,0.037858
4.786,95.22,0.036403
4.786,97.024,0.034852
4.786,99.008,0.033266
4.786,101.13,0.031697
4.786,103.35,0.030186
4.786,105.61,0.028765
4.786,107.88,0.027453
4.786,110.09,0.026265
4.786,112.19,0.025212
4.786,114.14,0.024299
4.786,115.89,0.02353
4.786,117.37,0.022909
4.786,118.56,0.022436
4.786,119.41,0.022109
4.786,119.89,0.021927
4.786,120.11,0.021843
4.786,120.6,0.021665
4.786,121.46,0.021354
4.786,122.7,0.020926
4.786,124.29,0.020403
4.786,126.23,0.019809
4.786,128.48,0.01917
4.786,131.04,0.018512
4.786,133.87,0.017856
4.786,136.96,0.017218
4.786,140.28,0.016606
4.786,143.8,0.016026
4.786,147.5,0.01548
4.786,151.37,0.014978
4.786,155.37,0.014533
4.786,159.49,0.014164
4.786,163.69,0.013884
4.786,167.98,0.013695
4.786,172.3,0.013585
4.786,176.64,0.013534
4.836,0.047495,3.4552
4.836,0.10875,3.4551
4.836,0.16974,3.4549
4.836,0.22981,3.4546
4.836,0.28857,3.4542
4.836,0.34565,3.4538
4.836,0.40072,3.4533
4.836,0.45343,3.4528
4.836,0.50349,3.4522
4.836,0.5506,3.4516
4.836,0.59448,3.451
4.836,0.63487,3.4504
4.836,0.67154,3.4499
4.836,0.70427,3.4493
4.836,0.73287,3.4488
4.836,0.75716,3.4484
4.836,0.77702,3.448
4.836,0.79231,3.4477
4.836,0.80296,3.4475
4.836,0.8089,3.4474
4.836,0.82272,3.4472
4.836,0.87351,3.4461
4.836,0.95702,3.4443
4.836,1.0639,3.4417
4.836,1.1858,3.4385
4.836,1.316,3.4346
4.836,1.4498,3.4302
4.836,1.5834,3.4254
4.836,1.7141,3.4203
4.836,1.8399,3.4151
4.836,1.959,3.4098
4.836,2.0699,3.4045
4.836,2.1716,3.3995
4.836,2.263,3.3947
4.836,2.3433,3.3904
4.836,2.4118,3.3866
4.836,2.468,3.3834
4.836,2.5114,3.3809
4.836,2.5417,3.3791
4.836,2.5586,3.3781
4.836,2.6019,3.3755
4.836,2.7625,3.3655
4.836,3.0267,3.3479
4.836,3.3648,3.3232
4.836,3.7504,3.2922
4.836,4.1625,3.2558
4.836,4.5857,3.2151
4.836,5.0085,3.1713
4.836,5.4224,3.1255
4.836,5.8206,3.0789
4.836,6.1975,3.0326
4.836,6.5489,2.9877
4.836,6.8708,2.9452
4.836,7.1604,2.906
4.836,7.4148,2.8708
4.836,7.632,2.8402
4.836,7.8101,2.8148
4.836,7.9476,2.795
4.836,8.0435,2.781
4.836,8.097,2.7732
4.836,8.2342,2.7531
4.836,8.7435,2.6773
4.836,9.5812,2.5492
4.836,10.654,2.3813
4.836,11.879,2.1883
4.836,13.189,1.9844
4.836,14.536,1.7822
4.836,15.884,1.5907
4.836,17.205,1.4162
4.836,18.478,1.2617
4.836,19.685,1.1281
4.836,20.812,1.0148
4.836,21.847,0.92035
4.836,22.778,0.84284
4.836,23.598,0.78027
4.836,24.298,0.7308
4.836,24.873,0.69281
4.836,25.318,0.66499
4.836,25.628,0.64636
4.836,25.801,0.63622
4.836,26.245,0.61109
4.836,27.897,0.52783
4.836,30.627,0.42044
4.836,34.147,0.32378
4.836,38.201,0.25112
4.836,42.589,0.20011
4.836,47.165,0.16387
4.836,51.817,0.13681
4.836,56.461,0.1157
4.836,61.024,0.098857
4.836,65.445,0.085358
4.836,69.666,0.07454
4.836,73.63,0.065876
4.836,77.284,0.058954
4.836,80.574,0.053468
4.836,83.445,0.049187
4.836,85.848,0.045937
4.836,87.736,0.043581
4.836,89.071,0.042016
4.836,89.823,0.04117
4.836,90.098,0.040865
4.836,90.516,0.040411
4.836,91.257,0.039622
4.836,92.305,0.038546
4.836,93.636,0.037243
4.836,95.22,0.03578
4.836,97.024,0.034224
4.836,99.008,0.032639
4.836,101.13,0.031075
4.836,103.35,0.029573
4.836,105.61,0.028162
4.836,107.88,0.026862
4.836,110.09,0.025684
4.836,112.19,0.024639
4.836,114.14,0.023732
4.836,115.89,0.022969
4.836,117.37,0.022352
4.836,118.56,0.021881
4.836,119.41,0.021556
4.836,119.89,0.021376
4.836,120.11,0.021291
4.836,120.6,0.021114
4.836,121.46,0.020806
4.836,122.7,0.020382
4.836,124.29,0.019863
4.836,126.23,0.019275
4.836,128.48,0.018646
4.836,131.04,0.018
4.836,133.87,0.01736
4.836,136.96,0.016739
4.836,140.28,0.016144
4.836,143.8,0.015576
4.836,147.5,0.015039
4.836,151.37,0.014539
4.836,155.37,0.014094
4.836,159.49,0.013727
4.836,163.69,0.013456
4.836,167.98,0.013282
4.836,172.3,0.013189
4.836,176.64,0.013151
4.886,0.047495,4.0167
4.886,0.10875,4.0166
4.886,0.16974,4.0164
4.886,0.22981,4.016
4.886,0.28857,4.0155
4.886,0.34565,4.015
4.886,0.40072,4.0144
4.886,0.45343,4.0137
4.886,0.50349,4.013
4.886,0.5506,4.0123
4.886,0.59448,4.0115
4.886,0.63487,4.0108
4.886,0.67154,4.0101
4.886,0.70427,4.0094
4.886,0.73287,4.0088
4.886,0.75716,4.0083
4.886,0.77702,4.0078
4.886,0.79231,4.0075
4.886,0.80296,4.0072
4.886,0.8089,4.0071
4.886,0.82272,4.0067
4.886,0.87351,4.0054
4.886,0.95702,4.0032
4.886,1.0639,4.0
4.886,1.1858,3.9959
4.886,1.316,3.9911
4.886,1.4498,3.9857
4.886,1.5834,3.9797
4.886,1.7141,3.9734
4.886,1.8399,3.9668
4.886,1.959,3.9602
4.886,2.0699,3.9537
4.886,2.1716,3.9474
4.886,2.263,3.9415
4.886,2.3433,3.9361
4.886,2.4118,3.9314
4.886,2.468,3.9274
4.886,2.5114,3.9243
4.886,2.5417,3.9221
4.886,2.5586,3.9208
4.886,2.6019,3.9176
4.886,2.7625,3.9052
4.886,3.0267,3.8833
4.886,3.3648,3.8527
4.886,3.7504,3.8142
4.886,4.1625,3.7691
4.886,4.5857,3.7187
4.886,5.0085,3.6645
4.886,5.4224,3.6079
4.886,5.8206,3.5504
4.886,6.1975,3.4934
4.886,6.5489,3.4382
4.886,6.8708,3.3859
4.886,7.1604,3.3377
4.886,7.4148,3.2945
4.886,7.632,3.257
4.886,7.8101,3.2259
4.886,7.9476,3.2017
4.886,8.0435,3.1846
4.886,8.097,3.1751
4.886,8.2342,3.1505
4.886,8.7435,3.058
4.886,9.5812,2.9021
4.886,10.654,2.6987
4.886,11.879,2.4662
4.886,13.189,2.2225
4.886,14.536,1.9825
4.886,15.884,1.7572
4.886,17.205,1.5536
4.886,18.478,1.3748
4.886,19.685,1.2215
4.886,20.812,1.0925
4.886,21.847,0.98581
4.886,22.778,0.89878
4.886,23.598,0.82893
4.886,24.298,0.77398
4.886,24.873,0.73196
4.886,25.318,0.7013
4.886,25.628,0.6808
4.886,25.801,0.66967
4.886,26.245,0.64213
4.886,27.897,0.55146
4.886,30.627,0.43596
4.886,34.147,0.33364
4.886,38.201,0.25783
4.886,42.589,0.20504
4.886,47.165,0.16752
4.886,51.817,0.13935
4.886,56.461,0.11729
4.886,61.024,0.09972
4.886,65.445,0.085705
4.886,69.666,0.074546
4.886,73.63,0.06566
4.886,77.284,0.058591
4.886,80.574,0.053002
4.886,83.445,0.048651
4.886,85.848,0.045354
4.886,87.736,0.042969
4.886,89.071,0.041387
4.886,89.823,0.040533
4.886,90.098,0.040226
4.886,90.516,0.039768
4.886,91.257,0.038973
4.886,92.305,0.037891
4.886,93.636,0.036583
4.886,95.22,0.035117
4.886,97.024,0.033564
4.886,99.008,0.031986
4.886,101.13,0.030433
4.886,103.35,0.028946
4.886,105.61,0.027552
4.886,107.88,0.026266
4.886,110.09,0.025102
4.886,112.19,0.024068
4.886,114.14,0.02317
4.886,115.89,0.022412
4.886,117.37,0.021799
4.886,118.56,0.021331
4.886,119.41,0.021008
4.886,119.89,0.020829
4.886,120.11,0.020746
4.886,120.6,0.02057
4.886,121.46,0.020264
4.886,122.7,0.019843
4.886,124.29,0.01933
4.886,126.23,0.018749
4.886,128.48,0.01813
4.886,131.04,0.017498
4.886,133.87,0.016875
4.886,136.96,0.016273
4.886,140.28,0.015697
4.886,143.8,0.015143
4.886,147.5,0.014612
4.886,151.37,0.014113
4.886,155.37,0.013668
4.886,159.49,0.013303
4.886,163.69,0.013041
4.886,167.98,0.012884
4.886,172.3,0.012811
4.886,176.64,0.012789
4.936,0.047495,4.6319
4.936,0.10875,4.6317
4.936,0.16974,4.6314
4.936,0.22981,4.631
4.936,0.28857,4.6304
4.936,0.34565,4.6298
4.936,0.40072,4.629
4.936,0.45343,4.6282
4.936,0.50349,4.6273
4.936,0.5506,4.6264
4.936,0.59448,4.6255
4.936,0.63487,4.6246
4.936,0.67154,4.6237
4.936,0.70427,4.6229
4.936,0.73287,4.6221
4.936,0.75716,4.6215
4.936,0.77702,4.6209
4.936,0.79231,4.6205
4.936,0.80296,4.6202
4.936,0.8089,4.62
4.936,0.82272,4.6196
4.936,0.87351,4.618
4.936,0.95702,4.6152
4.936,1.0639,4.6113
4.936,1.1858,4.6063
4.936,1.316,4.6004
4.936,1.4498,4.5937
4.936,1.5834,4.5863
4.936,1.7141,4.5785
4.936,1.8399,4.5705
4.936,1.959,4.5624
4.936,2.0699,4.5543
4.936,2.1716,4.5466
4.936,2.263,4.5394
4.936,2.3433,4.5328
4.936,2.4118,4.527
4.936,2.468,4.5221
4.936,2.5114,4.5183
4.936,2.5417,4.5156
4.936,2.5586,4.514
4.936,2.6019,4.5101
4.936,2.7625,4.4949
4.936,3.0267,4.468
4.936,3.3648,4.4304
4.936,3.7504,4.3833
4.936,4.1625,4.328
4.936,4.5857,4.2664
4.936,5.0085,4.2001
4.936,5.4224,4.131
4.936,5.8206,4.0609
4.936,6.1975,3.9915
4.936,6.5489,3.9243
4.936,6.8708,3.8609
4.936,7.1604,3.8024
4.936,7.4148,3.75
4.936,7.632,3.7046
4.936,7.8101,3.667
4.936,7.9476,3.6377
4.936,8.0435,3.6171
4.936,8.097,3.6055
4.936,8.2342,3.5759
4.936,8.7435,3.4642
4.936,9.5812,3.2768
4.936,10.654,3.0334
4.936,11.879,2.7568
4.936,13.189,2.4689
4.936,14.536,2.1876
4.936,15.884,1.9257
4.936,17.205,1.6909
4.936,18.478,1.4865
4.936,19.685,1.3127
4.936,20.812,1.1676
4.936,21.847,1.0483
4.936,22.778,0.9517
4.936,23.598,0.8746
4.936,24.298,0.81423
4.936,24.873,0.76825
4.936,25.318,0.73481
4.936,25.628,0.71251
4.936,25.801,0.70042
4.936,26.245,0.67055
4.936,27.897,0.57281
4.936,30.627,0.4498
4.936,34.147,0.34244
4.936,38.201,0.26391
4.936,42.589,0.20956
4.936,47.165,0.17084
4.936,51.817,0.14159
4.936,56.461,0.11861
4.936,61.024,0.10033
4.936,65.445,0.085839
4.936,69.666,0.074382
4.936,73.63,0.065313
4.936,77.284,0.058125
4.936,80.574,0.052456
4.936,83.445,0.048048
4.936,85.848,0.044715
4.936,87.736,0.042307
4.936,89.071,0.040714
4.936,89.823,0.039854
4.936,90.098,0.039545
4.936,90.516,0.039085
4.936,91.257,0.038287
4.936,92.305,0.037202
4.936,93.636,0.035892
4.936,95.22,0.034429
4.936,97.024,0.032883
4.936,99.008,0.031317
4.936,101.13,0.029781
4.936,103.35,0.028315
4.936,105.61,0.026941
4.936,107.88,0.025675
4.936,110.09,0.024527
4.936,112.19,0.023505
4.936,114.14,0.022616
4.936,115.89,0.021865
4.936,117.37,0.021257
4.936,118.56,0.020792
4.936,119.41,0.020471
4.936,119.89,0.020294
4.936,120.11,0.020211
4.936,120.6,0.020036
4.936,121.46,0.019732
4.936,122.7,0.019315
4.936,124.29,0.018806
4.936,126.23,0.018234
4.936,128.48,0.017625
4.936,131.04,0.017009
4.936,133.87,0.016404
4.936,136.96,0.015823
4.936,140.28,0.015266
4.936,143.8,0.014727
4.936,147.5,0.014203
4.936,151.37,0.013704
4.936,155.37,0.013255
4.936,159.49,0.012891
4.936,163.69,0.012639
4.936,167.98,0.012502
4.936,172.3,0.012453
4.936,176.64,0.012448
4.986,0.047495,5.302
4.986,0.10875,5.3017
4.986,0.16974,5.3014
4.986,0.22981,5.3008
4.986,0.28857,5.3002
4.986,0.34565,5.2993
4.986,0.40072,5.2984
4.986,0.45343,5.2974
4.986,0.50349,5.2964
4.986,0.5506,5.2953
4.986,0.59448,5.2941
4.986,0.63487,5.293
4.986,0.67154,5.292
4.986,0.70427,5.291
4.986,0.73287,5.2901
4.986,0.75716,5.2893
4.986,0.77702,5.2886
4.986,0.79231,5.288
4.986,0.80296,5.2877
4.986,0.8089,5.2875
4.986,0.82272,5.287
4.986,0.87351,5.285
4.986,0.95702,5.2817
4.986,1.0639,5.2769
4.986,1.1858,5.2708
4.986,1.316,5.2636
4.986,1.4498,5.2554
4.986,1.5834,5.2465
4.986,1.7141,5.237
4.986,1.8399,5.2273
4.986,1.959,5.2174
4.986,2.0699,5.2076
4.986,2.1716,5.1982
4.986,2.263,5.1894
4.986,2.3433,5.1814
4.986,2.4118,5.1744
4.986,2.468,5.1685
4.986,2.5114,5.1638
4.986,2.5417,5.1605
4.986,2.5586,5.1587
4.986,2.6019,5.1538
4.986,2.7625,5.1354
4.986,3.0267,5.1028
4.986,3.3648,5.0571
4.986,3.7504,5.0
4.986,4.1625,4.9331
4.986,4.5857,4.8585
4.986,5.0085,4.7784
4.986,5.4224,4.6949
4.986,5.8206,4.6104
4.986,6.1975,4.5268
4.986,6.5489,4.446
4.986,6.8708,4.3697
4.986,7.1604,4.2996
4.986,7.4148,4.2368
4.986,7.632,4.1824
4.986,7.8101,4.1373
4.986,7.9476,4.1023
4.986,8.0435,4.0777
4.986,8.097,4.0639
4.986,8.2342,4.0284
4.986,8.7435,3.8953
4.986,9.5812,3.6724
4.986,10.654,3.3843
4.986,11.879,3.0588
4.986,13.189,2.7224
4.986,14.536,2.3962
4.986,15.884,2.095
4.986,17.205,1.8273
4.986,18.478,1.5961
4.986,19.685,1.4011
4.986,20.812,1.2395
4.986,21.847,1.1076
4.986,22.778,1.0014
4.986,23.598,0.91714
4.986,24.298,0.85147
4.986,24.873,0.80165
4.986,25.318,0.76553
4.986,25.628,0.74149
4.986,25.801,0.72848
4.986,26.245,0.69639
4.986,27.897,0.592
4.986,30.627,0.4621
4.986,34.147,0.35029
4.986,38.201,0.26945
4.986,42.589,0.21373
4.986,47.165,0.17387
4.986,51.817,0.14356
4.986,56.461,0.11966
4.986,61.024,0.10071
4.986,65.445,0.085785
4.986,69.666,0.074073
4.986,73.63,0.064858
4.986,77.284,0.05758
4.986,80.574,0.051848
4.986,83.445,0.047398
4.986,85.848,0.044035
4.986,87.736,0.041611
4.986,89.071,0.040009
4.986,89.823,0.039146
4.986,90.098,0.038837
4.986,90.516,0.038375
4.986,91.257,0.037575
4.986,92.305,0.036489
4.986,93.636,0.035182
4.986,95.22,0.033725
4.986,97.024,0.03219
4.986,99.008,0.030641
4.986,101.13,0.029128
4.986,103.35,0.027685
4.986,105.61,0.026336
4.986,107.88,0.025093
4.986,110.09,0.023964
4.986,112.19,0.022956
4.986,114.14,0.022076
4.986,115.89,0.021332
4.986,117.37,0.020728
4.986,118.56,0.020266
4.986,119.41,0.019948
4.986,119.89,0.019771
4.986,120.11,0.019688
4.986,120.6,0.019515
4.986,121.46,0.019213
4.986,122.7,0.018799
4.986,124.29,0.018296
4.986,126.23,0.017731
4.986,128.48,0.017134
4.986,131.04,0.016533
4.986,133.87,0.015949
4.986,136.96,0.01539
4.986,140.28,0.014854
4.986,143.8,0.01433
4.986,147.5,0.013812
4.986,151.37,0.013311
4.986,155.37,0.012857
4.986,159.49,0.012493
4.986,163.69,0.012252
4.986,167.98,0.012137
4.986,172.3,0.012115
4.986,176.64,0.01213
5.036,0.047495,6.028
5.036,0.10875,6.0278
5.036,0.16974,6.0273
5.036,0.22981,6.0267
5.036,0.28857,6.0259
5.036,0.34565,6.0249
5.036,0.40072,6.0238
5.036,0.45343,6.0226
5.036,0.50349,6.0213
5.036,0.5506,6.02
5.036,0.59448,6.0186
5.036,0.63487,6.0173
5.036,0.67154,6.016
5.036,0.70427,6.0148
5.036,0.73287,6.0137
5.036,0.75716,6.0127
5.036,0.77702,6.0119
5.036,0.79231,6.0113
5.036,0.80296,6.0108
5.036,0.8089,6.0106
5.036,0.82272,6.01
5.036,0.87351,6.0076
5.036,0.95702,6.0036
5.036,1.0639,5.9978
5.036,1.1858,5.9905
5.036,1.316,5.9818
5.036,1.4498,5.972
5.036,1.5834,5.9612
5.036,1.7141,5.9498
5.036,1.8399,5.9381
5.036,1.959,5.9262
5.036,2.0699,5.9144
5.036,2.1716,5.9031
5.036,2.263,5.8925
5.036,2.3433,5.8829
5.036,2.4118,5.8744
5.036,2.468,5.8673
5.036,2.5114,5.8617
5.036,2.5417,5.8577
5.036,2.5586,5.8555
5.036,2.6019,5.8497
5.036,2.7625,5.8275
5.036,3.0267,5.7883
5.036,3.3648,5.7335
5.036,3.7504,5.6649
5.036,4.1625,5.5846
5.036,4.5857,5.4952
5.036,5.0085,5.3993
5.036,5.4224,5.2996
5.036,5.8206,5.1986
5.036,6.1975,5.0989
5.036,6.5489,5.0027
5.036,6.8708,4.912
5.036,7.1604,4.8286
5.036,7.4148,4.7541
5.036,7.632,4.6896
5.036,7.8101,4.6362
5.036,7.9476,4.5947
5.036,8.0435,4.5655
5.036,8.097,4.5492
5.036,8.2342,4.5073
5.036,8.7435,4.3501
5.036,9.5812,4.0877
5.036,10.654,3.75
5.036,11.879,3.3708
5.036,13.189,2.9816
5.036,14.536,2.6072
5.036,15.884,2.2643
5.036,17.205,1.9619
5.036,18.478,1.703
5.036,19.685,1.4862
5.036,20.812,1.3079
5.036,21.847,1.1634
5.036,22.778,1.0478
5.036,23.598,0.95648
5.036,24.298,0.88567
5.036,24.873,0.83216
5.036,25.318,0.79347
5.036,25.628,0.76779
5.036,25.801,0.75389
5.036,26.245,0.71971
5.036,27.897,0.60911
5.036,30.627,0.47298
5.036,34.147,0.3573
5.036,38.201,0.27451
5.036,42.589,0.21759
5.036,47.165,0.17664
5.036,51.817,0.14528
5.036,56.461,0.12049
5.036,61.024,0.10089
5.036,65.445,0.085564
5.036,69.666,0.073639
5.036,73.63,0.064313
5.036,77.284,0.056971
5.036,80.574,0.051195
5.036,83.445,0.046712
5.036,85.848,0.043328
5.036,87.736,0.040892
5.036,89.071,0.039285
5.036,89.823,0.03842
5.036,90.098,0.03811
5.036,90.516,0.037647
5.036,91.257,0.036848
5.036,92.305,0.035763
5.036,93.636,0.03446
5.036,95.22,0.033013
5.036,97.024,0.031493
5.036,99.008,0.029964
5.036,101.13,0.028477
5.036,103.35,0.027063
5.036,105.61,0.025742
5.036,107.88,0.024524
5.036,110.09,0.023415
5.036,112.19,0.022423
5.036,114.14,0.021553
5.036,115.89,0.020815
5.036,117.37,0.020215
5.036,118.56,0.019756
5.036,119.41,0.019439
5.036,119.89,0.019263
5.036,120.11,0.019181
5.036,120.6,0.019009
5.036,121.46,0.018709
5.036,122.7,0.018297
5.036,124.29,0.017799
5.036,126.23,0.017241
5.036,128.48,0.016655
5.036,131.04,0.016071
5.036,133.87,0.015509
5.036,136.96,0.014974
5.036,140.28,0.014461
5.036,143.8,0.013953
5.036,147.5,0.01344
5.036,151.37,0.012934
5.036,155.37,0.012473
5.036,159.49,0.012108
5.036,163.69,0.011878
5.036,167.98,0.011788
5.036,172.3,0.011796
5.036,176.64,0.011835
